{
  "ConvNeXtV2-Tiny": {
    "accuracy": 0.6423569917678833,
    "f1_weighted": 0.728649377822876,
    "auc_macro": 0.9705641269683838,
    "inference_ms": 12.309056096666305
  }
}